"id","sequencing_type","sequencing_subtype","sequencing_data_path","sequencer_id","sample_sheet","sample_sheet_hash"
"200629_A00919_0083_AH23J2DSXY","10X","10X_G",/mnt/ngs_stats/200629_A00919_0083_AH23J2DSXY/2020_06_27_10X_G_Pool0001.csv,,"2020_06_27_10X_G_Pool0001",
"200720_A01013_0095_AH7KFCDSXY","10X","10X_G_XP",/mnt/ngs_stats/200720_A01013_0095_AH7KFCDSXY/2020_07_20_10X_G_XP_Pool0002.csv,,"2020_07_20_10X_G_XP_Pool0002",
"200723_A01013_0097_AH2522DSXY","10X","10X_G",/mnt/ngs_stats/200723_A01013_0097_AH2522DSXY/2020_06_27_10X_G_Pool0003.csv,,"2020_06_27_10X_G_Pool0003",
"200918_A00964_0074_BH7K3HDSXY","10X","10X_G",/mnt/ngs_stats/200918_A00964_0074_BH7K3HDSXY/2020_09_18_10X_G_Pool0004.csv,,"2020_09_18_10X_G_Pool0004",
"201001_A00923_0127_AH7KH2DSXY","10X","10X_G",/mnt/ngs_stats/201001_A00923_0127_AH7KH2DSXY/2020_10_01_10X_G_Pool0005.csv,,"2020_10_01_10X_G_Pool0005",
"201020_A00919_0129_BH7K3CDSXY","10X","10X_G",/mnt/ngs_stats/201020_A00919_0129_BH7K3CDSXY/2020_10_20_10X_G_Pool0007.csv,,"2020_10_20_10X_G_Pool0007",
"201020_A00919_0130_AH7HFJDSXY","10X","10X_G",/mnt/ngs_stats/201020_A00919_0130_AH7HFJDSXY/2020_10_20_10X_G_Pool0006.csv,,"2020_10_20_10X_G_Pool0006",
"201028_A00964_0096_AHCKWHDSXY","10X","10X_G_XP",/mnt/ngs_stats/201028_A00964_0096_AHCKWHDSXY/2020_10_28_10X_G_XP_Pool0008.csv,,"2020_10_28_10X_G_XP_Pool0008",
"201109_A00923_0152_AH2FM7DSXY","10X","10X_G",/mnt/ngs_stats/201109_A00923_0152_AH2FM7DSXY/2020_11_09_10X_G_Pool0009.csv,,"2020_11_09_10X_G_Pool0009",
"201109_A00923_0153_BH2CMVDSXY","10X","10X_G",/mnt/ngs_stats/201109_A00923_0153_BH2CMVDSXY/2020_11_09_10X_G_Pool0010.csv,,"2020_11_09_10X_G_Pool0010",
"201127_A00923_0168_AHNGKMDSXY","10X","10X_G",/mnt/ngs_stats/201127_A00923_0168_AHNGKMDSXY/2020_11_27_10X_G_Pool0011.csv,,"2020_11_27_10X_G_Pool0011",
"201127_A00923_0169_BHNGWWDSXY","10X","10X_G",/mnt/ngs_stats/201127_A00923_0169_BHNGWWDSXY/2020_11_27_10X_G_Pool0012.csv,,"2020_11_27_10X_G_Pool0012",
"201208_A01030_0158_BHCK7WDSXY","10X","10X_G",/mnt/ngs_stats/201208_A01030_0158_BHCK7WDSXY/2020_12_08_10X_G_Pool0013.csv,,"2020_12_08_10X_G_Pool0013",
"201228_A00923_0193_AHTF3GDSXY","10X","10X_G",/mnt/ngs_stats/201228_A00923_0193_AHTF3GDSXY/2020_12_28_10X_G_Pool0014.csv,,"2020_12_28_10X_G_Pool0014",
"210218_A00923_0216_BHNHF7DSXY","10X","10X_G",/mnt/ngs_stats/210218_A00923_0216_BHNHF7DSXY/2021_02_18_10X_G_Pool0016.csv,,"2021_02_18_10X_G_Pool0016",
"210218_A00923_0217_AHNHMCDSXY","10X","10X_G",/mnt/ngs_stats/210218_A00923_0217_AHNHMCDSXY/2021_02_18_10X_G_Pool0015.csv,,"2021_02_18_10X_G_Pool0015",
"210306_A00919_0203_AHNHFHDSXY","10X","10X_G",/mnt/ngs_stats/210306_A00919_0203_AHNHFHDSXY/2021_03_06_10X_G_Pool0017.csv,,"2021_03_06_10X_G_Pool0017",
"210306_A00919_0204_BHNHWMDSXY","10X","10X_G",/mnt/ngs_stats/210306_A00919_0204_BHNHWMDSXY/2021_03_06_10X_G_Pool0018.csv,,"2021_03_06_10X_G_Pool0018",
"210313_A00919_0209_BHNHVJDSXY","10X","10X_G",/mnt/ngs_stats/210313_A00919_0209_BHNHVJDSXY/2021_03_13_10X_G_Pool0020.csv,,"2021_03_13_10X_G_Pool0020",
"210313_A00919_0210_AHNHCNDSXY","10X","10X_G",/mnt/ngs_stats/210313_A00919_0210_AHNHCNDSXY/2021_03_13_10X_G_Pool0019.csv,,"2021_03_13_10X_G_Pool0019",
"210323_A00923_0243_AHNFVHDSXY","10X","10X_G",/mnt/ngs_stats/210323_A00923_0243_AHNFVHDSXY/2021_03_23_10X_G_Pool0021.csv,,"2021_03_23_10X_G_Pool0021",
"210323_A00923_0244_BHNH77DSXY","10X","10X_G",/mnt/ngs_stats/210323_A00923_0244_BHNH77DSXY/2021_03_23_10X_G_Pool0022.csv,,"2021_03_23_10X_G_Pool0022",
"210422_A01022_0243_BHNFYTDSXY","10X","10X_G",/mnt/ngs_stats/210422_A01022_0243_BHNFYTDSXY/2021_04_22_10X_G_Pool0024.csv,,"2021_04_22_10X_G_Pool0024",
"210422_A01022_0244_AHNG32DSXY","10X","10X_G",/mnt/ngs_stats/210422_A01022_0244_AHNG32DSXY/2021_04_22_10X_G_Pool0023.csv,,"2021_04_22_10X_G_Pool0023",
"210426_A01022_0247_AHYYKHDSXY","10X","10X_G",/mnt/ngs_stats/210426_A01022_0247_AHYYKHDSXY/2021_04_26_10X_G_Pool0025.csv,,"2021_04_26_10X_G_Pool0025",
"210426_A01022_0248_BHYV7KDSXY","10X","10X_G",/mnt/ngs_stats/210426_A01022_0248_BHYV7KDSXY/2021_04_26_10X_G_Pool0026.csv,,"2021_04_26_10X_G_Pool0026",
"210513_A00923_0283_BHYVG3DSXY","10X","10X_G",/mnt/ngs_stats/210513_A00923_0283_BHYVG3DSXY/2021_05_13_10X_G_Pool0028.csv,,"2021_05_13_10X_G_Pool0028",
"210513_A00923_0284_AH232LDSX2","10X","10X_G",/mnt/ngs_stats/210513_A00923_0284_AH232LDSX2/2021_05_13_10X_G_Pool0027.csv,,"2021_05_13_10X_G_Pool0027",
"220329_A00926_0490_AHFG2GDSX3","10X","10X_G",/mnt/ngs_stats/220329_A00926_0490_AHFG2GDSX3/2022_03_29_10X_G_Pool0030.csv,,"2022_03_29_10X_G_Pool0030",
"221222_A00926_0665_AHWC5FDSX3","10X","10X_G",/mnt/ngs_stats/221222_A00926_0665_AHWC5FDSX3/2022_12_22_10X_G_Pool0031.csv,,"2022_12_22_10X_G_Pool0031",
"221222_A00926_0666_BHTGJJDSX3","10X","10X_G",/mnt/ngs_stats/221222_A00926_0666_BHTGJJDSX3/2022_12_22_10X_G_Pool0032.csv,,"2022_12_22_10X_G_Pool0032",
"221228_A00926_0671_AHTLJFDSX3","10X","10X_G",/mnt/ngs_stats/221228_A00926_0671_AHTLJFDSX3/2022_12_28_10X_G_Pool0033.csv,,"2022_12_28_10X_G_Pool0033",
"221228_A00926_0672_BHTLJGDSX3","10X","10X_G",/mnt/ngs_stats/221228_A00926_0672_BHTLJGDSX3/2022_12_28_10X_G_Pool0034.csv,,"2022_12_28_10X_G_Pool0034",
"230306_A00964_0653_AH2F3JDSX5","10X","4XP_10X_G",/mnt/ngs_stats/230306_A00964_0653_AH2F3JDSX5/2023_03_06_4XP_10X_G_Pool0001.csv,,"2023_03_06_4XP_10X_G_Pool0001",
"230421_A01007_0715_AHWL2TDSX3","10X","10X_G",/mnt/ngs_stats/230421_A01007_0715_AHWL2TDSX3/2023_04_21_10X_G_Pool0035.csv,,"2023_04_21_10X_G_Pool0035",
"230421_A01007_0716_BHWL2WDSX3","10X","10X_G",/mnt/ngs_stats/230421_A01007_0716_BHWL2WDSX3/2023_04_21_10X_G_Pool0036.csv,,"2023_04_21_10X_G_Pool0036",
"230425_A01007_0718_BHYG3YDSX3","10X","10X_G",/mnt/ngs_stats/230425_A01007_0718_BHYG3YDSX3/2023_04_25_10X_G_Pool0037.csv,,"2023_04_25_10X_G_Pool0037",
"220112_VH00195_65_AAAHYF7M5","10X","10X_G",/mnt/ngs_stats_nextseq/220112_VH00195_65_AAAHYF7M5/2022_01_12_10X_G_Pool0029.csv,,"2022_01_12_10X_G_Pool0029",
"230824_VH00195_109_AAAJYLLHV","10X","10X_G",/mnt/ngs_stats_nextseq/230824_VH00195_109_AAAJYLLHV/2023_08_24_10X_G_Pool0038.csv,,"2023_08_24_10X_G_Pool0038",
